1;plano de ensino;1
2;incompletude dos racionais;2
3;conjuntos ordenados;2
4;supremo e ínfimo;2
5;corpos;2
6;corpos ordenados;2
7;corpos arquimedianos;2
8;os reais;2
9;raízes n-ésimas;2
10;representação decimal;2
11;cortes de Dedekind;2
12;questionário 1;2
13;conjuntos finitos;2
14;conjuntos enumeráveis;2
15;conjuntos não-enumeráveis;2
16;sequências;2
17;subsequências;2
18;sequências de Cauchy;2
19;valor de aderência;2
20;limsup e liminf;2
21;limites infinitos;2
22;algumas sequências especiais;2
23;questionário 2;2
24;séries;2
25;séries de termos não-negativos;2
26;séries absolutamente convergentes;2
27;critérios de convergência;2
28;adição de séries;2
29;multiplicação de séries;2
30;rearranjos;2
31;conjuntos abertos;2
32;conjuntos fechados;2
33;pontos de acumulação;2
34;questionário 3;2
35;conjuntos compactos;2
36;conjuntos conexos;2
37;estrutura dos abertos da reta;2
38;limites de funções;2
39;limites laterais;2
40;limites infinitos;2
41;limites no infinito;2
42;valor de aderência de uma função;2
43;funções contínuas;2
44;continuidade e compacidade;2
45;questionário 4;2
46;continuidade e conexidade;2
47;descontinuidades;2
48;funções monótonas;2
49;derivada de uma função;2
50;Teoremas de Rolle e do Valor Médio;2
51;continuidade de derivadas;2
52;regra de L'Hospital;2
53;derivadas de ordem superior;2
54;fórmula de Taylor;2
55;aplicação: máximos e mínimos locais;2
56;questionário 5;2
